condition,approach,pose_source,arm,gripper,tilt_deg,leg,length_mm,mass_kg,arrival_y_m,arrival_heading_deg,estimate,estimate_hock_error_mm,estimate_heading_error_deg,estimate_cog_error_mm,estimate_length_error_mm,select,acquire,re_estimate,grasp_shift_mm,orient,flange_load_n,moment_about_tool_nm,inertia_about_tool_kgm2,airborne,meet_error_mm,opening_mm,tool_rise_mm,turn_deg,slip_mm,slip_deg,hock_offset_mm,heading_error_deg,released_at_x_m,cycle_s,arm_collisions,collision,collision_at_s,cut,entry_offset_mm,exit_offset_mm,cut_angle_deg,cut_drift_deg,cut_slip_mm,success,failure,wall_s
A-sr20ia-jaw_geh6180-tilt0-truth,A,truth,sr20ia,jaw_geh6180,0.0,0,739.072601589707,12.662037231169066,0.5486925729809109,6.302671433466314,success,0.0,0.0,0.0,0.0,success,success,success,2.5222152061058787,success,124.21458523776855,34.30043428313222,1.1552214356887298,1.0,0.7019335338041012,116.4112873573642,5.101952709461233,-6.46389816339181,5.34459575779542,0.8262693485881871,4.384044551291017,0.5924722858526752,0.698387709598058,3.7999999999997036,0,,nan,cut,5.8474956540119365,9.620035425716045,-0.10601953486227778,-9.36435966132402,13.451886455194193,True,,7.751405434974004
A-sr20ia-jaw_geh6180-tilt0-truth,A,truth,sr20ia,jaw_geh6180,0.0,1,670.5767402524795,9.877711684764781,0.4383430907123549,10.29629429485645,success,0.0,0.0,0.0,0.0,success,success,success,1.8269482955018468,success,96.90035162754253,23.302170258017533,0.6841227683109122,1.0,0.7155280132321582,85.6945436331505,4.66174899823002,-7.859239974334289,1.7029977194691934,-0.5153320023959458,0.21873162712202077,-0.8416746013803118,0.728678394020509,3.7999999999997036,0,,nan,cut,-0.1750345578964696,-0.178291898902172,3.021742841276425,-3.814228040648346e-08,0.006523361716484689,True,,7.4351769859786145
A-sr20ia-jaw_geh6180-tilt0-truth,A,truth,sr20ia,jaw_geh6180,0.0,2,766.0335345701482,12.609797647775201,0.44922027922805596,7.335634195234141,success,0.0,0.0,0.0,0.0,success,success,success,2.5476422560936856,success,123.70211492467476,36.2016656874622,1.275598671263412,1.0,0.7154073672361584,116.72526721058267,5.013514595027524,-7.598434005382646,0.484339446876355,-0.06566854678069807,0.24404037213590635,-0.2543027792143432,0.6935731991760311,3.7999999999997036,0,,nan,cut,0.2278661605753518,0.22733258890750285,0.08394842665230523,1.1310014280628088e-08,0.0058189276732656635,True,,8.080796181980986
A-sr20ia-jaw_geh6180-tilt0-truth,A,truth,sr20ia,jaw_geh6180,0.0,3,688.0296481603631,10.587203446789722,0.4818817041034545,24.414221727094894,success,0.0,0.0,0.0,0.0,success,success,success,0.49182983932438956,success,103.86046581300717,25.99441969075453,0.7938971202852603,1.0,0.7333922884752179,97.1301649265384,4.938969475296817,-24.546663632541435,3.985502133998617,0.8595830468824853,1.71246500435987,1.015293346207246,0.6874597635447711,3.8099999999997025,0,,nan,cut,7.082805622288246,7.081520831047239,9.282345844408498,-9.253480345812504e-09,0.005465176456674684,False,cut angle +9.3 deg,8.22909294301644
A-sr20ia-jaw_geh6180-tilt0-truth,A,truth,sr20ia,jaw_geh6180,0.0,4,704.0223489718616,11.437274193031755,0.5361667119720577,-16.157818144239414,success,0.0,0.0,0.0,0.0,success,success,success,3.0070174404277967,slipped,112.19965983364152,29.316537624437334,0.9392671360365918,1.0,0.661335591983184,117.39443705782166,4.205830367146057,14.734529416223422,23.88425377045401,6.122216948974375,15.948495941689428,5.582180408925127,0.6677432266386565,3.7999999999997036,0,,nan,cut,15.973861372136188,15.973224734788182,6.043994726178724,5.090102462229946e-08,0.005770735445999236,False,orient: slipped,8.019037024001591
A-sr20ia-jaw_geh6180-tilt0-truth,A,truth,sr20ia,jaw_geh6180,0.0,5,738.3697215483043,12.838512036803047,0.41995379975583214,18.378443247388965,success,0.0,0.0,0.0,0.0,success,success,success,0.8202707553466309,success,125.94580308103792,32.88644303622566,1.066203741169902,1.0,0.7304514306286657,113.46797908715507,4.932517714060558,-18.348096112076902,1.9806410242056822,-0.7731808115503525,1.5563814415448796,-0.7017224858095854,0.6875813520218339,3.7999999999997036,0,,nan,cut,1.6892904420628407,1.6877901698987285,0.38562191765384574,2.8968899149768938e-08,0.006012580525541427,True,,8.257442858011927
A-sr20ia-jaw_geh6180-tilt0-truth,A,truth,sr20ia,jaw_geh6180,0.0,6,681.7651988534541,10.110690098001319,0.48783221735211885,27.647187080797202,success,0.0,0.0,0.0,0.0,success,success,success,2.3980905743170426,success,99.18586986139293,24.976134932670924,0.7563664449783808,1.0,0.7370689681413135,91.05814600902575,4.773991224497176,-27.37384631432696,5.157778707161257,1.294648104134366,1.569101296763159,1.3528423739535471,0.6980777880079049,3.8579999999996972,0,,nan,cut,1.5473943512301358,1.5456253023592992,1.3707698455826307,7.650291225295876e-08,0.005975010010188577,True,,7.45338861097116
A-sr20ia-jaw_geh6180-tilt0-truth,A,truth,sr20ia,jaw_geh6180,0.0,7,716.6316527736255,10.975950979816595,0.5853960867243859,-17.114680819723187,success,0.0,0.0,0.0,0.0,success,success,success,3.8916363807443877,slipped,107.67407911200083,26.025114898646713,0.7992044809608746,1.0,0.6639530545732193,112.03445797135201,5.0177520127339115,16.918920922216532,15.821759794940633,-0.10075739844163135,17.354477883179925,-0.35661354724755623,0.7052409912866746,3.8079999999997027,0,,nan,cut,18.913263772155354,18.66979755623094,3.029588757214584,-0.5892945250863179,0.17277568514610062,False,orient: slipped,7.633301577006932
A-sr20ia-jaw_geh6180-tilt0-truth,A,truth,sr20ia,jaw_geh6180,0.0,8,772.7633863764064,14.982142633261514,0.48887983299172755,-0.5385640075664259,success,0.0,0.0,0.0,0.0,success,success,success,5.2330636300602364,success,146.9748192322955,40.66666166001462,1.3996258780941049,1.0,0.6957634221630865,123.63634533572167,4.364230968823879,0.0915623511638086,0.7640838725071516,0.02705205992391004,1.851590136570741,-0.24156030546091264,0.7152914767790702,3.7999999999997036,0,,nan,cut,1.8312842856055278,1.8303916614857973,-0.24142423029139395,9.068715563256925e-09,0.005887329110937741,True,,8.40263182099443
A-sr20ia-jaw_geh6180-tilt0-truth,A,truth,sr20ia,jaw_geh6180,0.0,9,701.9755038785561,10.159767764339778,0.5231654154686722,-30.641426519461287,success,0.0,0.0,0.0,0.0,success,success,success,3.8185638626582343,success,99.66732176817325,27.043793486634783,0.8700213551842477,1.0,0.6495805180622911,89.33824083403445,4.824400735769507,30.263580309032015,4.392488603447359,1.1822144647724115,3.6505314431881377,0.4266619896594501,0.7374318976983884,3.905999999999692,0,,nan,cut,3.0083272816899265,nan,2.0838141252820535,-59.84293825044568,88.33003257761082,True,,8.285922534007113
A-sr20ia-jaw_geh6180-tilt0-truth,A,truth,sr20ia,jaw_geh6180,0.0,10,740.960452494745,11.20849080369745,0.4038333707553584,-24.610271103808394,success,0.0,0.0,0.0,0.0,success,unreachable,,nan,,nan,nan,nan,nan,nan,nan,nan,nan,nan,nan,nan,nan,nan,nan,0,,nan,cut,-6.622120551907251,-6.621767284899327,-24.593559736146894,6.32134734052125e-08,0.005632634213528415,False,grasp: unreachable,7.149363434000406
A-sr20ia-jaw_geh6180-tilt0-truth,A,truth,sr20ia,jaw_geh6180,0.0,11,677.9637845272142,10.310214757940436,0.4778003061193643,-1.6459251073559775,success,0.0,0.0,0.0,0.0,success,success,success,4.509973501788632,success,101.14320677539571,24.02849587004113,0.7033431293602906,1.0,0.6916200422772132,90.39285687240495,4.918935425297533,1.7048120528841162,1.1260703097721563,-0.015208978455290042,0.30080925079059573,-0.3854539991032136,0.7143619761711086,3.7999999999997036,0,,nan,cut,0.2995474520607333,0.29781960286362485,-0.38566484413207325,7.586323909542282e-08,0.006025201992826064,True,,7.470407806977164
A-sr20ia-jaw_geh6180-tilt0-truth,A,truth,sr20ia,jaw_geh6180,0.0,12,655.0,9.0,0.48268194937591763,-24.456209583760256,success,0.0,0.0,0.0,0.0,success,success,success,1.7716304672441587,success,88.29,21.045030687545793,0.6076667918474749,1.0,0.6593967248863264,86.66384544700139,4.996626249510472,24.39309979081515,8.322606426364604,2.88621051035001,3.855427439503928,2.2606456136368496,0.7022700273385206,3.8079999999997027,0,,nan,cut,4.176797910313446,4.1738791594467255,2.8966887433312527,4.634284448610683e-08,0.006617096981057688,True,,7.42314550903393
A-sr20ia-jaw_geh6180-tilt0-truth,A,truth,sr20ia,jaw_geh6180,0.0,13,777.7990124502887,14.04976422798892,0.5625833962730592,31.750890841805617,success,0.0,0.0,0.0,0.0,success,success,success,0.3778885726020335,success,137.82818707657128,39.30872242667408,1.3663661587664464,1.0,0.7499570492781256,112.68697325938261,4.647989181889356,-31.71886159925748,3.9283556823674477,0.9349474878006023,2.4974158869820737,0.6792452284718381,0.7258414018638758,3.9299999999996893,0,,nan,cut,2.473806888023733,2.474693111845394,0.681491030530315,9.850936092728573e-08,0.0058914284306498844,True,,8.411861134984065
A-sr20ia-jaw_geh6180-tilt0-truth,A,truth,sr20ia,jaw_geh6180,0.0,14,674.0780539077622,9.183354375620448,0.5561697157048568,9.12018670508955,success,0.0,0.0,0.0,0.0,success,success,success,2.4343977043280716,success,90.08870642483659,20.704927011336963,0.6004762613384605,1.0,0.7014134809748274,103.20027341993054,5.074469653906899,-9.416839355612545,8.601573637850814,2.3067937868433384,4.2846937379774905,2.4233485273911133,0.7032910952845088,3.7999999999997036,0,,nan,cut,5.994016443705064,5.819250605857363,5.250396445505817,-0.3265472830358717,0.23110004737769338,False,cut angle +5.3 deg,7.933216225996148
A-sr20ia-jaw_geh6180-tilt0-truth,A,truth,sr20ia,jaw_geh6180,0.0,15,798.7099670858473,14.576243535966583,0.5848874329224438,9.088838469686026,success,0.0,0.0,0.0,0.0,success,success,success,0.463326899470025,success,142.99294908783222,43.39258804293584,1.5771312693252846,1.0,0.7062046765647698,102.78929116066776,4.977622956789607,-9.123921211212545,10.407668061448911,2.1071313623125176,4.565857419480595,2.0368137544456806,0.683227160406105,3.7999999999997036,0,,nan,cut,-8.31093211031897,nan,0.7727494653390669,-50.7427888289316,66.26049630216835,True,,9.094991504971404
A-sr20ia-jaw_geh6180-tilt0-truth,A,truth,sr20ia,jaw_geh6180,0.0,16,745.0666802088937,11.211859465565851,0.4735195229922926,13.75976135602893,success,0.0,0.0,0.0,0.0,success,success,success,5.160655236124508,success,109.98834135720101,30.464882540328155,1.0219547918465992,1.0,0.7245098309028772,107.948149671752,5.141075004815643,-13.85049281125845,2.278469523189557,-0.737567340099641,0.4423299738014197,-0.8475781378284732,0.7175446339859701,3.7999999999997036,0,,nan,cut,2.232036186862685,2.23033517467347,2.024169259930215,2.1949300467810424e-08,0.005943709568548167,True,,7.95226059196284
A-sr20ia-jaw_geh6180-tilt0-truth,A,truth,sr20ia,jaw_geh6180,0.0,17,711.8835922043452,10.092179175588702,0.45915290988116475,20.203570427175766,success,0.0,0.0,0.0,0.0,success,success,success,4.802411543793654,success,99.00427771252515,23.180042444073376,0.6973984664385318,1.0,0.7279094990680509,109.20271744991102,5.005361067864644,-19.76495036343941,1.92258917255618,-0.8150719202551661,0.42798549284719933,-0.7849841024462412,0.7192456004319738,3.7999999999997036,0,,nan,cut,1.0595747178881454,0.7820550738745768,0.6226426577226762,-1.7477484586288419,0.20916731558115348,True,,8.356990389002021
A-sr20ia-jaw_geh6180-tilt0-truth,A,truth,sr20ia,jaw_geh6180,0.0,18,708.3157658469476,12.370518856145932,0.5003708585656533,-5.822706778753045,success,0.0,0.0,0.0,0.0,success,success,success,2.5374810362632725,success,121.35478997879162,32.06458304545121,1.0353661452601404,1.0,0.6783764367380115,110.73371064469535,5.330523160366196,4.416772112512633,10.50449559882905,2.987743582785412,4.878382836328271,2.818495394574289,0.6651221343384385,3.7999999999997036,0,,nan,cut,5.767481966227339,5.802169484515063,2.50255092272166,-0.17193789041688262,0.10091325864119648,True,,7.634846893022768
A-sr20ia-jaw_geh6180-tilt0-truth,A,truth,sr20ia,jaw_geh6180,0.0,19,748.1451303704207,12.340706427625943,0.4165332031590194,-11.807740312381712,success,0.0,0.0,0.0,0.0,success,unreachable,,nan,,nan,nan,nan,nan,nan,nan,nan,nan,nan,nan,nan,nan,nan,nan,0,,nan,cut,-41.25095467527318,-41.25059179081314,-11.82386140772754,1.6522208059304437e-07,0.0056903274994197645,False,grasp: unreachable,5.735736230039038
